path,size_bytes,sha256,kind,source,purpose,license_status,candidate_policy
CODE/components/net_mgmt/lib/libnet_mgmt_esp32s3_idf5_4_0.a,251160,b0918694c82bc5cf0800c292bcb85220e1672274463f74ae1d46ca53c841c6a5,a,self-developed,network adapter,license-abi-source-form-pending,hold-until-s8
CODE/components/net_mgmt/lib/libnet_mgmt_esp32s3_idf5_5_0.a,255592,5172f851db7eecb9f20026edec205d64a4e61676ccdbbccae80fc390026e814c,a,self-developed,network adapter,license-abi-source-form-pending,hold-until-s8
CODE/components/net_mgmt/lib/libnet_mgmt_esp32s3_idf5_5_1.a,255592,5172f851db7eecb9f20026edec205d64a4e61676ccdbbccae80fc390026e814c,a,self-developed,network adapter,license-abi-source-form-pending,hold-until-s8
CODE/components/net_mgmt/lib/libnet_mgmt_esp32s3_idf5_5_2.a,255592,1c3db3dcb5a726097ac060481d2c148073cb32c1237e71606b1b69f2096a99f3,a,self-developed,network adapter,license-abi-source-form-pending,hold-until-s8
CODE/components/net_mgmt/lib/libnet_mgmt_esp32s3_idf5_5_3.a,255484,5b072229001686b95820f4697b44db149e9fd1829474d0fb0967d73f180c08d3,a,self-developed,network adapter,license-abi-source-form-pending,hold-until-s8
CODE/components/net_mgmt/lib/libnet_mgmt_esp32s3_idf5_5_4.a,255456,0dab2acffd0bc40f6d71ad5ebf47b22efdee5439ec40df21b72e59a88fcf4bea,a,self-developed,network adapter,license-abi-source-form-pending,hold-until-s8
CODE/components/net_mgmt/lib/libnet_mgmt_esp32s3_idf6_0_0.a,255496,0d9e72a831cf3a5a3d454191f837f9198d290a32b52c5e2038d62b21c6b5c7c3,a,self-developed,network adapter,license-abi-source-form-pending,hold-until-s8
CODE/examples/audio_ofdm_text_demo/main/ofdm_noto_sans_sc_16.bin,1555724,63d06dc31e0385447b74bb445c97d2426affc42c79ceefe070f9d87e6b496400,bin,pending-review,inspect owning Example/component,pending,hold-until-s8
CODE/examples/codex_task_notifier_demo/main/notifier_noto_sans_sc_16.bin,1555724,63d06dc31e0385447b74bb445c97d2426affc42c79ceefe070f9d87e6b496400,bin,pending-review,inspect owning Example/component,pending,hold-until-s8
CODE/examples/holocubic_demo/assets/animation_frames/frame000.rgb565,115200,437225baeb68b031f9f9afe3e9f1078424aaa36dcfa404c79d3f2f817099d2e2,rgb565,pending-review,inspect owning Example/component,pending,hold-until-s8
CODE/examples/holocubic_demo/assets/animation_frames/frame001.rgb565,115200,3a5d447c846fb4214ba0de8a0304e5b114921df232428d087ba7acccd5d3962d,rgb565,pending-review,inspect owning Example/component,pending,hold-until-s8
CODE/examples/holocubic_demo/assets/animation_frames/frame002.rgb565,115200,2d5abdb9aa0840382426aa22946e027e8411fa104ce4691ca1c24495451c082d,rgb565,pending-review,inspect owning Example/component,pending,hold-until-s8
CODE/examples/holocubic_demo/assets/animation_frames/frame003.rgb565,115200,e25b1018a3bacd89f8ac02fbe7b4c27252f52dda5df83d1bae9601dea3af9388,rgb565,pending-review,inspect owning Example/component,pending,hold-until-s8
CODE/examples/holocubic_demo/assets/animation_frames/frame004.rgb565,115200,b0df6ea78affbc90697f2fe66a7ec47f172693636f0f41f80df42343339e30ee,rgb565,pending-review,inspect owning Example/component,pending,hold-until-s8
CODE/examples/holocubic_demo/assets/animation_frames/frame005.rgb565,115200,d01485ee44e44ae3e604918ac5ca90a95998a0642df28093930334d917627aa9,rgb565,pending-review,inspect owning Example/component,pending,hold-until-s8
CODE/examples/holocubic_demo/assets/animation_frames/frame006.rgb565,115200,9793ac30f2b057e9c88ca90e580deff2e2e1fae935f75d6007182374f0f6bd25,rgb565,pending-review,inspect owning Example/component,pending,hold-until-s8
CODE/examples/holocubic_demo/assets/animation_frames/frame007.rgb565,115200,8fc67759a2d842ecfadcf7e7261cb7261d8b022fbcc0829fd9018d5055329b70,rgb565,pending-review,inspect owning Example/component,pending,hold-until-s8
CODE/examples/holocubic_demo/assets/animation_frames/frame008.rgb565,115200,4a07be462bcf5c6d975f551b275b59f24580a0aa824847a2b0be1f5103953e5b,rgb565,pending-review,inspect owning Example/component,pending,hold-until-s8
CODE/examples/holocubic_demo/assets/animation_frames/frame009.rgb565,115200,faf31f6cafa0b580c1cac088545f92a4acf44d408ff6b09d1362475753a3eec1,rgb565,pending-review,inspect owning Example/component,pending,hold-until-s8
CODE/examples/holocubic_demo/assets/animation_frames/frame010.rgb565,115200,74fd4efa3f8ceeeffac02122527c2c4cec950ad94075ee5c2535bde9b97db196,rgb565,pending-review,inspect owning Example/component,pending,hold-until-s8
CODE/examples/holocubic_demo/assets/animation_frames/frame011.rgb565,115200,35ded01e1755f45577b89d6005c4264087b548818ecc49375f97a6a4cb54f26c,rgb565,pending-review,inspect owning Example/component,pending,hold-until-s8
CODE/examples/holocubic_demo/assets/animation_frames/frame012.rgb565,115200,b3fcba0e9264013451ff5023d63f6aecdd032fed299ba6213e253401eb3075fd,rgb565,pending-review,inspect owning Example/component,pending,hold-until-s8
CODE/examples/holocubic_demo/assets/animation_frames/frame013.rgb565,115200,2908116a972fc6bb6cee9a9893ca640c34ff66c2356253492a439534e76429d8,rgb565,pending-review,inspect owning Example/component,pending,hold-until-s8
CODE/examples/holocubic_demo/assets/animation_frames/frame014.rgb565,115200,89d3c2ded788c10386eedaac9c16d32d10cf05f33d37ffb68315cc9915afc29f,rgb565,pending-review,inspect owning Example/component,pending,hold-until-s8
CODE/examples/holocubic_demo/assets/animation_frames/frame015.rgb565,115200,ae26fae57f6638c8f24b95266e43b2050501cd9ea12a91d88338d9aae070742e,rgb565,pending-review,inspect owning Example/component,pending,hold-until-s8
CODE/examples/holocubic_demo/assets/animation_frames/frame016.rgb565,115200,0bb0f8b1dad9415219818b469109eb684ea4bf6f836407d6f9ef4bfcdd9dad53,rgb565,pending-review,inspect owning Example/component,pending,hold-until-s8
CODE/examples/holocubic_demo/assets/animation_frames/frame017.rgb565,115200,bf62ccc4fec414c185ea0d9ad193b228f8741cad908e9f36cabc3eacbd02ef72,rgb565,pending-review,inspect owning Example/component,pending,hold-until-s8
CODE/examples/holocubic_demo/assets/animation_frames/frame018.rgb565,115200,b93efb54bbb80fa9b1db34d1720424ff73a668cfa2e619bf61c1e2a7d50d8c42,rgb565,pending-review,inspect owning Example/component,pending,hold-until-s8
CODE/examples/holocubic_demo/assets/animation_frames/frame019.rgb565,115200,029fb7c8eb06881f6f8fa4fd524bef92bdf337841fd997ac144303640c8411fa,rgb565,pending-review,inspect owning Example/component,pending,hold-until-s8
CODE/examples/holocubic_demo/assets/animation_frames/frame020.rgb565,115200,3444b2640b708299ac83067bb542708b2ddb4cfeedf5402a4a162fa914a58224,rgb565,pending-review,inspect owning Example/component,pending,hold-until-s8
CODE/examples/holocubic_demo/assets/animation_frames/frame021.rgb565,115200,f67883023b87adb436e40a262dff3da3dad2fa09ed3ed9297d3982bc0e6570f7,rgb565,pending-review,inspect owning Example/component,pending,hold-until-s8
CODE/examples/holocubic_demo/assets/animation_frames/frame022.rgb565,115200,b069602f262b6c57cd9bbbb8e2c78b9f76ef237e904bdce2cc1efe51e613b7b2,rgb565,pending-review,inspect owning Example/component,pending,hold-until-s8
CODE/examples/holocubic_demo/assets/animation_frames/frame023.rgb565,115200,ef6d80977a0852afb090b8997640db065e109d50baa8a6513dec7f92b0fb820f,rgb565,pending-review,inspect owning Example/component,pending,hold-until-s8
CODE/examples/holocubic_demo/assets/animation_frames/frame024.rgb565,115200,e8441bbc60f0189ab114c18941e0fc65420d580b7875fc5402418b3adbdcc20c,rgb565,pending-review,inspect owning Example/component,pending,hold-until-s8
CODE/examples/holocubic_demo/assets/animation_frames/frame025.rgb565,115200,351436e6b7ce2a60e050c1624cf599d36b02569686301c454202436c9e44bb9e,rgb565,pending-review,inspect owning Example/component,pending,hold-until-s8
CODE/examples/holocubic_demo/assets/animation_frames/frame026.rgb565,115200,5e982f0a0e6edaecf3eaa22ee281b3ff87fc11212aae0d523c1c533b7b9b2cfb,rgb565,pending-review,inspect owning Example/component,pending,hold-until-s8
CODE/examples/holocubic_demo/assets/animation_frames/frame027.rgb565,115200,08ae6fd59c7066a53874746fc2f648bfa0a39724de7fd80db21f0f36716498ae,rgb565,pending-review,inspect owning Example/component,pending,hold-until-s8
CODE/examples/holocubic_demo/assets/animation_frames/frame028.rgb565,115200,ff5dd4f89deff3592d3940cb6898a3f375aff1774da136ec8807f66f5a4cfa4a,rgb565,pending-review,inspect owning Example/component,pending,hold-until-s8
CODE/examples/holocubic_demo/assets/animation_frames/frame029.rgb565,115200,86592c298b02fabeb5f4ab15736138c703b757fcaa8641f42ac03ed0fdeb28f7,rgb565,pending-review,inspect owning Example/component,pending,hold-until-s8
CODE/examples/holocubic_demo/assets/animation_frames/frame030.rgb565,115200,82025eeac14077d16c0ebe49c70705282c0a767cd53e6b9bc8557e73314e1ac8,rgb565,pending-review,inspect owning Example/component,pending,hold-until-s8
CODE/examples/holocubic_demo/assets/animation_frames/frame031.rgb565,115200,7dcec0bf3d3f8d64e76ecf4733b050c4aeb2045d43145472cf7924d16d812462,rgb565,pending-review,inspect owning Example/component,pending,hold-until-s8
CODE/examples/holocubic_demo/assets/animation_frames/frame032.rgb565,115200,c3f90959e1de2f292744bad57923d90d7ddf8170e49d335cb69d1026e8632762,rgb565,pending-review,inspect owning Example/component,pending,hold-until-s8
CODE/examples/holocubic_demo/assets/animation_frames/frame033.rgb565,115200,0c1f8f02c7ce096878f9b085aee45b7a53245a3693368b0da4df96ccaa4c4c9f,rgb565,pending-review,inspect owning Example/component,pending,hold-until-s8
CODE/examples/holocubic_demo/assets/animation_frames/frame034.rgb565,115200,5d2f99d8f39aa8595029d90e0bfb460765d8bdc626bddfb7ba63d43f6399a50e,rgb565,pending-review,inspect owning Example/component,pending,hold-until-s8
CODE/examples/holocubic_demo/assets/animation_frames/frame035.rgb565,115200,0979b0cd635cd1c27bd91c10b34f47827605c455335eb245622f55eb44bb2a40,rgb565,pending-review,inspect owning Example/component,pending,hold-until-s8
CODE/examples/holocubic_demo/assets/animation_frames/frame036.rgb565,115200,e1271d0a7f9ebd03ebe62f6c58ebccb72429ab764c127f7ed2c490d0d7180a98,rgb565,pending-review,inspect owning Example/component,pending,hold-until-s8
CODE/examples/holocubic_demo/assets/animation_frames/frame037.rgb565,115200,6669a5860f962b2b14ed3060aa6a8216e6ab46279f681dae1fc98f708aad27ef,rgb565,pending-review,inspect owning Example/component,pending,hold-until-s8
CODE/examples/holocubic_demo/assets/animation_frames/frame038.rgb565,115200,9264471d2f2cd98063db612735c584cea1add8fc4f835c8eb20181f6b2479bcc,rgb565,pending-review,inspect owning Example/component,pending,hold-until-s8
CODE/examples/holocubic_demo/assets/animation_frames/frame039.rgb565,115200,d5781796a8dd5cc00a6256d8b3e7f7fb0e98da9987e126d142cda43015702c2a,rgb565,pending-review,inspect owning Example/component,pending,hold-until-s8
CODE/examples/holocubic_demo/assets/animation_frames/frame040.rgb565,115200,0d94dc215dbba0294c3bec066ed29ddbdb89cb7399325eb149369d13faad3f7a,rgb565,pending-review,inspect owning Example/component,pending,hold-until-s8
CODE/examples/holocubic_demo/assets/animation_frames/frame041.rgb565,115200,cee8ed745ba03366bdffec2d0446ffa5578d1486a25cb0a6b166e83c0146a100,rgb565,pending-review,inspect owning Example/component,pending,hold-until-s8
CODE/examples/holocubic_demo/assets/animation_frames/frame042.rgb565,115200,c8a19d657883a45fdd5fac673bf797398ea6f48277c279a1c50fed3e03a543cb,rgb565,pending-review,inspect owning Example/component,pending,hold-until-s8
CODE/examples/holocubic_demo/assets/animation_frames/frame043.rgb565,115200,13a1491d6492a5a12533e955923da62d594170879c9d41125fe7aeb18ca77364,rgb565,pending-review,inspect owning Example/component,pending,hold-until-s8
CODE/examples/holocubic_demo/assets/animation_frames/frame044.rgb565,115200,ac07c461d672c84e14ed89283110eaa8b2d31bc0e23a2ebef130ec8f7d59ccf9,rgb565,pending-review,inspect owning Example/component,pending,hold-until-s8
CODE/examples/holocubic_demo/assets/animation_frames/frame045.rgb565,115200,16f4ef86cd6a0d95da35b680ff8bb9b5c44ee166af904605657214560beb834f,rgb565,pending-review,inspect owning Example/component,pending,hold-until-s8
CODE/examples/holocubic_demo/assets/animation_frames/frame046.rgb565,115200,97f0c3e322887543c95125a7c9b118d4eed474f21f04323f56071e3ef94fa40d,rgb565,pending-review,inspect owning Example/component,pending,hold-until-s8
CODE/examples/holocubic_demo/assets/animation_frames/frame047.rgb565,115200,e55265832141a25fccadc899ee0b22594c048cedf35a32b9f09357037c97f689,rgb565,pending-review,inspect owning Example/component,pending,hold-until-s8
CODE/examples/holocubic_demo/assets/animation_frames/frame048.rgb565,115200,4b0aab1bf0544bbe6e8723929bb74d11a971b284d5d6cff833d2f1d575fcafc3,rgb565,pending-review,inspect owning Example/component,pending,hold-until-s8
CODE/examples/holocubic_demo/main/assets/clock_orb.rgb565,35840,1e81a00df79c68ffaf83f48ebf001d945251b0b97a1502586aa02d1568d01605,rgb565,pending-review,inspect owning Example/component,pending,hold-until-s8
CODE/examples/holocubic_demo/main/assets/weather_clear.rgb565,35840,04ea0eaa3b5b741b2fc628bf2907c571e362563219fc5a4dd0f2734696dd9848,rgb565,pending-review,inspect owning Example/component,pending,hold-until-s8
CODE/examples/holocubic_demo/main/assets/weather_cloudy.rgb565,35840,ddd8896cce3faaa05ca73f6b594390d896065d38198691addafc1f3d6da92f0c,rgb565,pending-review,inspect owning Example/component,pending,hold-until-s8
CODE/examples/holocubic_demo/main/assets/weather_fog.rgb565,35840,ef2493c29b77af9020bac795890f3db93239741a1383e02e735aff857265d66f,rgb565,pending-review,inspect owning Example/component,pending,hold-until-s8
CODE/examples/holocubic_demo/main/assets/weather_offline.rgb565,35840,5e02e800c63af7be956bbb2eac01e3e4082d40c72c16de685f123a0cb3999f99,rgb565,pending-review,inspect owning Example/component,pending,hold-until-s8
CODE/examples/holocubic_demo/main/assets/weather_overcast.rgb565,35840,67e226196943d14855e3990250bac79001823c537f37f8e6e254bd790a76587c,rgb565,pending-review,inspect owning Example/component,pending,hold-until-s8
CODE/examples/holocubic_demo/main/assets/weather_rain.rgb565,35840,826b1695dec4d362e82cca0ea2a5f434bc134b327781bfb60a2a6970ca1c8aa1,rgb565,pending-review,inspect owning Example/component,pending,hold-until-s8
CODE/examples/holocubic_demo/main/assets/weather_snow.rgb565,35840,f19745c28438c96b1aba39ffc1551a50e12123f7c1ccb832cbfb51e71aef2943,rgb565,pending-review,inspect owning Example/component,pending,hold-until-s8
CODE/examples/holocubic_demo/main/assets/weather_storm.rgb565,35840,4cd8f3c7d167079b2ea4e5000a9f3ac2b376a969a3476d911533136390fddbd5,rgb565,pending-review,inspect owning Example/component,pending,hold-until-s8
CODE/examples/merit_plus_one_demo/assets/effects/merit_tap/merit_bubble_01_seed.png,2875,a7eb833ba6e873b7e676ff8df38b9f0d0a9e8b16e25e272a8fc95485c0e0c207,png,pending-review,inspect owning Example/component,pending,hold-until-s8
CODE/examples/merit_plus_one_demo/assets/effects/merit_tap/merit_bubble_01a_sprout.png,3250,dfc9faa9630ddee8bbdd843d2ffbf6f39ccc7b96ad0e24a2a9bd7cde88987a64,png,pending-review,inspect owning Example/component,pending,hold-until-s8
CODE/examples/merit_plus_one_demo/assets/effects/merit_tap/merit_bubble_01b_growing.png,4057,4428dfcec7dfd231b3c715f80d695006ffb4aec1e62d73f1a40c862c61e10fcf,png,pending-review,inspect owning Example/component,pending,hold-until-s8
CODE/examples/merit_plus_one_demo/assets/effects/merit_tap/merit_bubble_02_readable.png,4441,56e5f9edbfe5f24fe13f15fe44b414f9a54e7509624291b4b11000615859b9cd,png,pending-review,inspect owning Example/component,pending,hold-until-s8
CODE/examples/merit_plus_one_demo/assets/effects/merit_tap/merit_bubble_02a_expand.png,4732,3e15ad175fc7d18d261436efa21f8415a094bf5210f3d62dc21147393a8c0341,png,pending-review,inspect owning Example/component,pending,hold-until-s8
CODE/examples/merit_plus_one_demo/assets/effects/merit_tap/merit_bubble_03_fade_max.png,4906,33cf52eae3a3721a7ed13b36aeeb50778d742148b588dae33a95c4b3eaeb6b11,png,pending-review,inspect owning Example/component,pending,hold-until-s8
CODE/examples/merit_plus_one_demo/assets/effects/merit_tap/merit_bubble_03a_dissolve.png,4904,7a9654ff76edf131e9786d2d98ccd407c1283855929df435d84a73eae006e1f7,png,pending-review,inspect owning Example/component,pending,hold-until-s8
CODE/examples/merit_plus_one_demo/assets/expressions/concepts/icebox/icebox_state_idle_preview_3x.png,10431,551346b841fcefb4f9501c8743d0035fde385fbb8bfbbebde2099a0ee2b45a5e,png,pending-review,inspect owning Example/component,pending,hold-until-s8
CODE/examples/merit_plus_one_demo/spiffs/merit_tap.wav,9004,081932a50a3bc293a14543544d969ace8c78a68d8911bfdd75c0a7f6a9fe1d59,wav,pending-review,inspect owning Example/component,pending,hold-until-s8
CODE/examples/mp3_demo/main/mp3_noto_sans_sc_16.bin,1555724,63d06dc31e0385447b74bb445c97d2426affc42c79ceefe070f9d87e6b496400,bin,pending-review,inspect owning Example/component,pending,hold-until-s8
CODE/examples/salary_calculator_demo/main/money_background.rgb565,153600,13f13edf04c19fa526c4d3762f4f2a5ad13a356ca8f144f9b4a43b92914cd878,rgb565,pending-review,inspect owning Example/component,pending,hold-until-s8
CODE/examples/salary_calculator_demo/money_background.png,170320,cfcbb8cd2d9aa6f906098d64707499aacbfd38c9d48cce6dcbcf91b2d6aacae2,png,pending-review,inspect owning Example/component,pending,hold-until-s8
CODE/examples/salary_calculator_demo/money_background_320x240.png,110934,04357156a23c9b87b9eaf80d604efdea3c81b5a9df06030746d2b35966c5cfb1,png,pending-review,inspect owning Example/component,pending,hold-until-s8
CODE/examples/salary_calculator_demo/spiffs/coin_burst.wav,32772,095a2b02ece692896fa3692e16cb4e87db9f6572685f65482e87bff5dbd74dfb,wav,pending-review,inspect owning Example/component,pending,hold-until-s8
CODE/examples/tf_firmware_launcher_demo/assets/boot_animation.gif,1280508,5d51ab29ccb8c3d15c43527d66a56bba1eb06249120ed2cd1feca7e77b21f49f,gif,pending-review,inspect owning Example/component,pending,hold-until-s8
CODE/examples/tf_firmware_launcher_demo/assets/boot_sound.wav,162060,ac9ca516f844355cf52e092114b4b5b51bac9e42f58729f64d180f23330d0ede,wav,pending-review,inspect owning Example/component,pending,hold-until-s8
CODE/examples/xiaozhi_ai_demo/spiffs/dingding.wav,12024,7afdf0d1b0457d70996d744b82de7b1e08fa1967dae4e65b512d66237d980706,wav,pending-review,inspect owning Example/component,pending,hold-until-s8
CODE/examples/xiaozhi_companion_robot_demo/assets/expressions/concepts/amber_duck/amber_duck_idle_preview_3x.png,12861,e50ba1430bd56acec3ffb3a108c348eb0cb70bf3842089a44bd9d12b650639fd,png,pending-review,inspect owning Example/component,pending,hold-until-s8
CODE/examples/xiaozhi_companion_robot_demo/assets/expressions/concepts/amber_duck/amber_duck_state_blink_preview_3x.png,11314,7c4a97270783cd877a8f45292750204229a38a08f9269951658c796ba75c4498,png,pending-review,inspect owning Example/component,pending,hold-until-s8
CODE/examples/xiaozhi_companion_robot_demo/assets/expressions/concepts/amber_duck/amber_duck_state_idle_preview_3x.png,12702,2b85ffea2504e81aecacc38f74796ecaab3f55eca7ff0d14cd60fdbba378b2c0,png,pending-review,inspect owning Example/component,pending,hold-until-s8
CODE/examples/xiaozhi_companion_robot_demo/assets/expressions/concepts/amber_duck/amber_duck_state_idle_sway_left_up_preview_3x.png,12720,559e33d37d14478b8400f679b49001495b6ccf826d594e8d0d91db619fe98ba2,png,pending-review,inspect owning Example/component,pending,hold-until-s8
CODE/examples/xiaozhi_companion_robot_demo/assets/expressions/concepts/amber_duck/amber_duck_state_idle_sway_right_up_preview_3x.png,12666,8d46d9bda6f2719d4060d4223018fc982904895a4aa5724dfa4121cd83b200e5,png,pending-review,inspect owning Example/component,pending,hold-until-s8
CODE/examples/xiaozhi_companion_robot_demo/assets/expressions/concepts/amber_duck/amber_duck_state_listen_focus_preview_3x.png,12672,189660e679a4d95257bae5fca26569d12fcd85ce551900af33941b558608e553,png,pending-review,inspect owning Example/component,pending,hold-until-s8
CODE/examples/xiaozhi_companion_robot_demo/assets/expressions/concepts/amber_duck/amber_duck_state_talk_closed_preview_3x.png,12702,2b85ffea2504e81aecacc38f74796ecaab3f55eca7ff0d14cd60fdbba378b2c0,png,pending-review,inspect owning Example/component,pending,hold-until-s8
CODE/examples/xiaozhi_companion_robot_demo/assets/expressions/concepts/amber_duck/amber_duck_state_talk_open_preview_3x.png,13575,c1b46e13c521bec47911f1dfbba674a8ff6ab440f8db7a4dc49d95de798065cb,png,pending-review,inspect owning Example/component,pending,hold-until-s8
CODE/examples/xiaozhi_companion_robot_demo/assets/expressions/concepts/amber_duck/amber_duck_state_think_preview_3x.png,12471,64af0f85eea5bb5191a70a67c3a13c00749630b64b629066b2044f799e26f84c,png,pending-review,inspect owning Example/component,pending,hold-until-s8
CODE/examples/xiaozhi_companion_robot_demo/assets/expressions/concepts/amber_duck/amber_duck_state_touch_pout_compress_preview_3x.png,11362,4bbbcd5d900510559c9ad46a5cd8bae112b82135df83dde8cb002b4d8f577a62,png,pending-review,inspect owning Example/component,pending,hold-until-s8
CODE/examples/xiaozhi_companion_robot_demo/assets/expressions/concepts/amber_duck/amber_duck_state_touch_pout_expand_preview_3x.png,12391,785335a5fa6cab2d6bb16b40429e98bbe78aae198a6e3be85aacc1ef7ce4633d,png,pending-review,inspect owning Example/component,pending,hold-until-s8
CODE/examples/xiaozhi_companion_robot_demo/assets/expressions/concepts/amber_duck/amber_duck_state_turn_gaze_left_preview_3x.png,12702,c0aa07feec94fffe8c6f3d6ebade6312fb933d8073ca8b2f1111d68ad1c79676,png,pending-review,inspect owning Example/component,pending,hold-until-s8
CODE/examples/xiaozhi_companion_robot_demo/assets/expressions/concepts/amber_duck/amber_duck_state_turn_gaze_right_preview_3x.png,12702,553b5ec1db86c4c1ffe81d98d7bc87e9c8e0ac8dbba34d21b402f16b4cbd85cc,png,pending-review,inspect owning Example/component,pending,hold-until-s8
CODE/examples/xiaozhi_companion_robot_demo/assets/expressions/concepts/amber_duck/amber_duck_states_overview_1x.png,32718,6e1bd02310817bbd2fe47c607285cc057baf247288d1939c828b22e205cc308f,png,pending-review,inspect owning Example/component,pending,hold-until-s8
CODE/examples/xiaozhi_companion_robot_demo/assets/expressions/concepts/bone_skull/bone_skull_idle_preview_3x.png,11763,db7ca41694027d8162bac03d97666bee3883f27240cba24bac737969fb8bd841,png,pending-review,inspect owning Example/component,pending,hold-until-s8
CODE/examples/xiaozhi_companion_robot_demo/assets/expressions/concepts/bone_skull/bone_skull_state_blink_preview_3x.png,10514,3c5ae0bd74fbae4e01dab6fdc0651c3dcbe02c279bc7d85a8c06d73162e536a9,png,pending-review,inspect owning Example/component,pending,hold-until-s8
CODE/examples/xiaozhi_companion_robot_demo/assets/expressions/concepts/bone_skull/bone_skull_state_idle_preview_3x.png,11599,f9883cf0223f9c1670cc64dab3dbc89f8355ea1ce1a0470307fad98aa203fbe2,png,pending-review,inspect owning Example/component,pending,hold-until-s8
CODE/examples/xiaozhi_companion_robot_demo/assets/expressions/concepts/bone_skull/bone_skull_state_idle_sway_left_up_preview_3x.png,11554,52222750253bd75d7acd08eb403a125d5772083d649b1ff21980123f81c663c7,png,pending-review,inspect owning Example/component,pending,hold-until-s8
CODE/examples/xiaozhi_companion_robot_demo/assets/expressions/concepts/bone_skull/bone_skull_state_idle_sway_right_up_preview_3x.png,11615,157e3700117b45dbba8fb265d2891c1ab45df130d8d71ebf9bd2af5011fa7757,png,pending-review,inspect owning Example/component,pending,hold-until-s8
CODE/examples/xiaozhi_companion_robot_demo/assets/expressions/concepts/bone_skull/bone_skull_state_listen_focus_preview_3x.png,11969,bb7cdb018861ae78c8659d0d29d7edd8488368518f19875683aba6eff19be872,png,pending-review,inspect owning Example/component,pending,hold-until-s8
CODE/examples/xiaozhi_companion_robot_demo/assets/expressions/concepts/bone_skull/bone_skull_state_talk_closed_preview_3x.png,11023,c1aab68516f1ca952a734d425a2f34aae6f5a4e3e9d1ab84da004967ba8a0133,png,pending-review,inspect owning Example/component,pending,hold-until-s8
CODE/examples/xiaozhi_companion_robot_demo/assets/expressions/concepts/bone_skull/bone_skull_state_talk_open_preview_3x.png,11254,850582d8dcdf7baabf0d3f709e2c7a387e573b52f3e5c611938c84b4ca4e4e0a,png,pending-review,inspect owning Example/component,pending,hold-until-s8
CODE/examples/xiaozhi_companion_robot_demo/assets/expressions/concepts/bone_skull/bone_skull_state_think_preview_3x.png,11912,dab29eb296183f6ebac3706a6218f583c31fc9d97e7a22f75856eacef2ea1c0f,png,pending-review,inspect owning Example/component,pending,hold-until-s8
CODE/examples/xiaozhi_companion_robot_demo/assets/expressions/concepts/bone_skull/bone_skull_state_touch_pout_compress_preview_3x.png,10653,291d13076ae5f51078ddb34fdfa289a0cb933ebac21cc552f8f889deaac6c3cb,png,pending-review,inspect owning Example/component,pending,hold-until-s8
CODE/examples/xiaozhi_companion_robot_demo/assets/expressions/concepts/bone_skull/bone_skull_state_touch_pout_expand_preview_3x.png,11067,0ee7f62c8c8b9f0ca98766177768e42b82af6c434b06de1be24338ea08d70796,png,pending-review,inspect owning Example/component,pending,hold-until-s8
CODE/examples/xiaozhi_companion_robot_demo/assets/expressions/concepts/bone_skull/bone_skull_state_turn_gaze_left_preview_3x.png,11765,10ecdae6a3d5864c615ca9af35313915930146cd742eca80793060a659a3dc65,png,pending-review,inspect owning Example/component,pending,hold-until-s8
CODE/examples/xiaozhi_companion_robot_demo/assets/expressions/concepts/bone_skull/bone_skull_state_turn_gaze_right_preview_3x.png,11765,fdb5a52cb564811d6b88582fd8784b908c1fce189519c9acc509ed94332e73f9,png,pending-review,inspect owning Example/component,pending,hold-until-s8
CODE/examples/xiaozhi_companion_robot_demo/assets/expressions/concepts/bone_skull/bone_skull_states_overview_1x.png,28456,9f449e7d2b1fbc1902818d27bc7aac6d0fb16f0d52ccaa5c0a2e2d928db8e74f,png,pending-review,inspect owning Example/component,pending,hold-until-s8
CODE/examples/xiaozhi_companion_robot_demo/assets/expressions/concepts/cobalt_owl/cobalt_owl_idle_preview_3x.png,14285,814af7788b10970535b34064e8bac3eb47899cc7165469bcf8200c5d34ee36e3,png,pending-review,inspect owning Example/component,pending,hold-until-s8
CODE/examples/xiaozhi_companion_robot_demo/assets/expressions/concepts/cobalt_owl/cobalt_owl_state_blink_preview_3x.png,13220,09b472c18f736ee4dad2393f3a8795e3dc51000a82fd65b3e43d66615fad10d0,png,pending-review,inspect owning Example/component,pending,hold-until-s8
CODE/examples/xiaozhi_companion_robot_demo/assets/expressions/concepts/cobalt_owl/cobalt_owl_state_idle_preview_3x.png,14132,97434d6940a7462fb725d96f846fbcc10f5d112bad287d8e65eb5d3cbb82d8c1,png,pending-review,inspect owning Example/component,pending,hold-until-s8
CODE/examples/xiaozhi_companion_robot_demo/assets/expressions/concepts/cobalt_owl/cobalt_owl_state_idle_sway_left_up_preview_3x.png,14190,522d8d022b03550623074583121ffd8e275454abcdc13ba507925ddd9d0745de,png,pending-review,inspect owning Example/component,pending,hold-until-s8
CODE/examples/xiaozhi_companion_robot_demo/assets/expressions/concepts/cobalt_owl/cobalt_owl_state_idle_sway_right_up_preview_3x.png,14143,796aa77834523b46d9c82f1b2a270b9ee50ff7461e2f14df910d4a133db91ee1,png,pending-review,inspect owning Example/component,pending,hold-until-s8
CODE/examples/xiaozhi_companion_robot_demo/assets/expressions/concepts/cobalt_owl/cobalt_owl_state_listen_focus_preview_3x.png,14285,3cf26cf132d3a032997572eb6c5309f030410f355d93296704c58aeeb8b67600,png,pending-review,inspect owning Example/component,pending,hold-until-s8
CODE/examples/xiaozhi_companion_robot_demo/assets/expressions/concepts/cobalt_owl/cobalt_owl_state_talk_closed_preview_3x.png,14132,97434d6940a7462fb725d96f846fbcc10f5d112bad287d8e65eb5d3cbb82d8c1,png,pending-review,inspect owning Example/component,pending,hold-until-s8
CODE/examples/xiaozhi_companion_robot_demo/assets/expressions/concepts/cobalt_owl/cobalt_owl_state_talk_open_preview_3x.png,14985,90352a4ed05e6b0605d4a5319432bba5f820443bcebde53a2e4a900d5bb0fc3c,png,pending-review,inspect owning Example/component,pending,hold-until-s8
CODE/examples/xiaozhi_companion_robot_demo/assets/expressions/concepts/cobalt_owl/cobalt_owl_state_think_preview_3x.png,14282,f4160203cfbd3e062262fb446879d8295726995add56c1c17eb992a77fe6fce8,png,pending-review,inspect owning Example/component,pending,hold-until-s8
CODE/examples/xiaozhi_companion_robot_demo/assets/expressions/concepts/cobalt_owl/cobalt_owl_state_touch_pout_compress_preview_3x.png,13578,735741302cab787a3269dbd310c9df5a4cbbe682c10f6bd42c00c62054ef2f6c,png,pending-review,inspect owning Example/component,pending,hold-until-s8
CODE/examples/xiaozhi_companion_robot_demo/assets/expressions/concepts/cobalt_owl/cobalt_owl_state_touch_pout_expand_preview_3x.png,14360,7b27e3c2e5cc196fe20cd7e757bfc8279bccdc94297db34582b983fded72e085,png,pending-review,inspect owning Example/component,pending,hold-until-s8
CODE/examples/xiaozhi_companion_robot_demo/assets/expressions/concepts/cobalt_owl/cobalt_owl_state_turn_gaze_left_preview_3x.png,14136,2c1127d2c4fb040c88ec60c7f197fa87f78edc607d10b33f7a164a648bf733ca,png,pending-review,inspect owning Example/component,pending,hold-until-s8
CODE/examples/xiaozhi_companion_robot_demo/assets/expressions/concepts/cobalt_owl/cobalt_owl_state_turn_gaze_right_preview_3x.png,14130,f0888dce04348a81e0c40fcefc05aca6e2fe8cb2eec055797de8fe2ced470229,png,pending-review,inspect owning Example/component,pending,hold-until-s8
CODE/examples/xiaozhi_companion_robot_demo/assets/expressions/concepts/cobalt_owl/cobalt_owl_states_overview_1x.png,37479,6fdfba6af33a82f6d6f7602621fcb1e3b288d56881586c96e92bc5017c5147e9,png,pending-review,inspect owning Example/component,pending,hold-until-s8
CODE/examples/xiaozhi_companion_robot_demo/assets/expressions/concepts/crimson_slime/crimson_slime_idle_preview_3x.png,9918,9ef5da9e0dd29eb3ca80a00e1ef4db3779c58052a9b3f63d31a36104875682bd,png,pending-review,inspect owning Example/component,pending,hold-until-s8
CODE/examples/xiaozhi_companion_robot_demo/assets/expressions/concepts/crimson_slime/crimson_slime_state_blink_preview_3x.png,9312,414589b31fc31d53c435ffe392a3eaa9a106dc6a85096822681519bc40f1b828,png,pending-review,inspect owning Example/component,pending,hold-until-s8
CODE/examples/xiaozhi_companion_robot_demo/assets/expressions/concepts/crimson_slime/crimson_slime_state_idle_preview_3x.png,9766,ab77b282932c6d2f7cb469c160a4798520a874a0808d3acf8052ab87ef205bfa,png,pending-review,inspect owning Example/component,pending,hold-until-s8
CODE/examples/xiaozhi_companion_robot_demo/assets/expressions/concepts/crimson_slime/crimson_slime_state_idle_sway_left_up_preview_3x.png,9753,65bcb41060cf1462f9f17988e8c6e3e37907feeb51f7aa68401ef3e7256409e6,png,pending-review,inspect owning Example/component,pending,hold-until-s8
CODE/examples/xiaozhi_companion_robot_demo/assets/expressions/concepts/crimson_slime/crimson_slime_state_idle_sway_right_up_preview_3x.png,9751,1bba1457e6e07e9bffbe4de6148ac9b8ad79f89d8983acd7746ecc882d1f9703,png,pending-review,inspect owning Example/component,pending,hold-until-s8
CODE/examples/xiaozhi_companion_robot_demo/assets/expressions/concepts/crimson_slime/crimson_slime_state_listen_focus_preview_3x.png,10074,6f94194a3794135c445daa2c77be796de869402b27d3c0a9beb18ba1ec5858d7,png,pending-review,inspect owning Example/component,pending,hold-until-s8
CODE/examples/xiaozhi_companion_robot_demo/assets/expressions/concepts/crimson_slime/crimson_slime_state_talk_closed_preview_3x.png,9766,ab77b282932c6d2f7cb469c160a4798520a874a0808d3acf8052ab87ef205bfa,png,pending-review,inspect owning Example/component,pending,hold-until-s8
CODE/examples/xiaozhi_companion_robot_demo/assets/expressions/concepts/crimson_slime/crimson_slime_state_talk_open_preview_3x.png,10374,2a5c17c939029217934701666f48f620dbf1b83973eeda0e91fdcc4c2bef8296,png,pending-review,inspect owning Example/component,pending,hold-until-s8
CODE/examples/xiaozhi_companion_robot_demo/assets/expressions/concepts/crimson_slime/crimson_slime_state_think_preview_3x.png,10081,a6142b86f772315d9c223318661153f341f360d696996c72304293a9bd8017e9,png,pending-review,inspect owning Example/component,pending,hold-until-s8
CODE/examples/xiaozhi_companion_robot_demo/assets/expressions/concepts/crimson_slime/crimson_slime_state_touch_pout_compress_preview_3x.png,9912,ef170f6abeba85dcdd7b9b9da95159b915ce9b5a06d8bf9bc684679d15b99fe1,png,pending-review,inspect owning Example/component,pending,hold-until-s8
CODE/examples/xiaozhi_companion_robot_demo/assets/expressions/concepts/crimson_slime/crimson_slime_state_touch_pout_expand_preview_3x.png,11055,4da66cae1530395a29a7ecfcca129ed4a866969d353f612d741d1697ec724f2d,png,pending-review,inspect owning Example/component,pending,hold-until-s8
CODE/examples/xiaozhi_companion_robot_demo/assets/expressions/concepts/crimson_slime/crimson_slime_state_turn_gaze_left_preview_3x.png,9927,44dc154ada2882250fbc1c2e50d8ccfa06cdba111ea6f728729e5dcd3ff183aa,png,pending-review,inspect owning Example/component,pending,hold-until-s8
CODE/examples/xiaozhi_companion_robot_demo/assets/expressions/concepts/crimson_slime/crimson_slime_state_turn_gaze_right_preview_3x.png,9927,9121207da4127f97958ab128f6bab8abbdfc4fe821b38a4b84e7bbf7fafc635d,png,pending-review,inspect owning Example/component,pending,hold-until-s8
CODE/examples/xiaozhi_companion_robot_demo/assets/expressions/concepts/crimson_slime/crimson_slime_states_overview_1x.png,24522,7e5987bff28150696d5120fb5431d0b38e4dc75c06476dd325e49d8dcb29f1e9,png,pending-review,inspect owning Example/component,pending,hold-until-s8
CODE/examples/xiaozhi_companion_robot_demo/assets/expressions/concepts/expression_mouth_review_8x4.png,52387,0cc4395b5f601bdc9ed1a71c3bbffa8a768440bb3d91f3673b831ab6e4df9835,png,pending-review,inspect owning Example/component,pending,hold-until-s8
CODE/examples/xiaozhi_companion_robot_demo/assets/expressions/concepts/expression_states_overview_2x4.png,244354,97f3ef84aeecdd72e847ded451c355d784eb328d63f3652730e1ac007897d155,png,pending-review,inspect owning Example/component,pending,hold-until-s8
CODE/examples/xiaozhi_companion_robot_demo/assets/expressions/concepts/icebox/icebox_idle_preview_3x.png,10598,c5eb11723d63ca150a0d7041782e3035bf77521b13621d7b1b9465f009377fa1,png,pending-review,inspect owning Example/component,pending,hold-until-s8
CODE/examples/xiaozhi_companion_robot_demo/assets/expressions/concepts/icebox/icebox_state_blink_preview_3x.png,9898,be5fc6e309168834e24977b15603ffbb631535c0e1f5017a7584012b96a627f3,png,pending-review,inspect owning Example/component,pending,hold-until-s8
CODE/examples/xiaozhi_companion_robot_demo/assets/expressions/concepts/icebox/icebox_state_idle_preview_3x.png,10431,551346b841fcefb4f9501c8743d0035fde385fbb8bfbbebde2099a0ee2b45a5e,png,pending-review,inspect owning Example/component,pending,hold-until-s8
CODE/examples/xiaozhi_companion_robot_demo/assets/expressions/concepts/icebox/icebox_state_idle_sway_left_up_preview_3x.png,10486,e0e2bebd6f00bd3a2872cc30f2f97bcd24b98a126ff99fe294c1043131fbb10f,png,pending-review,inspect owning Example/component,pending,hold-until-s8
CODE/examples/xiaozhi_companion_robot_demo/assets/expressions/concepts/icebox/icebox_state_idle_sway_right_up_preview_3x.png,10422,f1fa7b12661e0ba843f75aad18ab24c875462c702c4f5771a49d93b5c5e85e22,png,pending-review,inspect owning Example/component,pending,hold-until-s8
CODE/examples/xiaozhi_companion_robot_demo/assets/expressions/concepts/icebox/icebox_state_listen_focus_preview_3x.png,10881,e867df7fc5e1753ef9c2af60d9276320e1dcaa9021413424a5c05d749b0354b1,png,pending-review,inspect owning Example/component,pending,hold-until-s8
CODE/examples/xiaozhi_companion_robot_demo/assets/expressions/concepts/icebox/icebox_state_talk_closed_preview_3x.png,10431,551346b841fcefb4f9501c8743d0035fde385fbb8bfbbebde2099a0ee2b45a5e,png,pending-review,inspect owning Example/component,pending,hold-until-s8
CODE/examples/xiaozhi_companion_robot_demo/assets/expressions/concepts/icebox/icebox_state_talk_open_preview_3x.png,11166,46c70bd209598fd78df8c0fc3e5b5ea4c6af34454da00ffb2180b67632df8f12,png,pending-review,inspect owning Example/component,pending,hold-until-s8
CODE/examples/xiaozhi_companion_robot_demo/assets/expressions/concepts/icebox/icebox_state_think_preview_3x.png,10737,5fc8c1ad76bd65aad1755546619d45290d7d74938a328df6b8ffde4a25eedac9,png,pending-review,inspect owning Example/component,pending,hold-until-s8
CODE/examples/xiaozhi_companion_robot_demo/assets/expressions/concepts/icebox/icebox_state_touch_pout_compress_preview_3x.png,10382,305d5d1a2e3b5ee565d13614bce40755d5111a73185134d61f3f716e2962747b,png,pending-review,inspect owning Example/component,pending,hold-until-s8
CODE/examples/xiaozhi_companion_robot_demo/assets/expressions/concepts/icebox/icebox_state_touch_pout_expand_preview_3x.png,11312,66a382989a40f5e63de82d1430e99c79dcf8db0697bfe2d8873eb99376e8f094,png,pending-review,inspect owning Example/component,pending,hold-until-s8
CODE/examples/xiaozhi_companion_robot_demo/assets/expressions/concepts/icebox/icebox_state_turn_gaze_left_preview_3x.png,10583,399ffeb566a996697169e90c988a64148f672c1cef04725eca065e4c4904b7ab,png,pending-review,inspect owning Example/component,pending,hold-until-s8
CODE/examples/xiaozhi_companion_robot_demo/assets/expressions/concepts/icebox/icebox_state_turn_gaze_right_preview_3x.png,10583,adfd027f705af98a67c470fdd442a241c5a839984ac521e6b2f7a045fa88679f,png,pending-review,inspect owning Example/component,pending,hold-until-s8
CODE/examples/xiaozhi_companion_robot_demo/assets/expressions/concepts/icebox/icebox_states_overview_1x.png,24491,05e37297de721e9d0df622ef26caa6e202df2cba662d896ad89435e6e4d52509,png,pending-review,inspect owning Example/component,pending,hold-until-s8
CODE/examples/xiaozhi_companion_robot_demo/assets/expressions/concepts/jade_frog/jade_frog_idle_preview_3x.png,11506,503df4f6f9c7dc3e9aa62fad4cb440e5c682a65f100c4de3168101da3bcb50b5,png,pending-review,inspect owning Example/component,pending,hold-until-s8
CODE/examples/xiaozhi_companion_robot_demo/assets/expressions/concepts/jade_frog/jade_frog_state_blink_preview_3x.png,10968,fde9f2c97262683bf9eedb701b79b04e6f7823ccefcc0dd7aba34348a28252b0,png,pending-review,inspect owning Example/component,pending,hold-until-s8
CODE/examples/xiaozhi_companion_robot_demo/assets/expressions/concepts/jade_frog/jade_frog_state_idle_preview_3x.png,11348,837371b3c5b2ef2f515c6c413cb1add9223c0eeb3177d8363ae256d885c333c2,png,pending-review,inspect owning Example/component,pending,hold-until-s8
CODE/examples/xiaozhi_companion_robot_demo/assets/expressions/concepts/jade_frog/jade_frog_state_idle_sway_left_up_preview_3x.png,11399,c2c96e887527eb4718c0fa2591d6ecd7ab15d0af9aa0c3f9c74806085d16348d,png,pending-review,inspect owning Example/component,pending,hold-until-s8
CODE/examples/xiaozhi_companion_robot_demo/assets/expressions/concepts/jade_frog/jade_frog_state_idle_sway_right_up_preview_3x.png,11261,f0cc021c4cd9de6ac079594d234975dbdf6a535d97248e50d21fc1b5b3019e1e,png,pending-review,inspect owning Example/component,pending,hold-until-s8
CODE/examples/xiaozhi_companion_robot_demo/assets/expressions/concepts/jade_frog/jade_frog_state_listen_focus_preview_3x.png,11647,ccb3d9c7838757b020b4222ac840408a8ebff2547384a1504879876a4c52cf25,png,pending-review,inspect owning Example/component,pending,hold-until-s8
CODE/examples/xiaozhi_companion_robot_demo/assets/expressions/concepts/jade_frog/jade_frog_state_talk_closed_preview_3x.png,11348,837371b3c5b2ef2f515c6c413cb1add9223c0eeb3177d8363ae256d885c333c2,png,pending-review,inspect owning Example/component,pending,hold-until-s8
CODE/examples/xiaozhi_companion_robot_demo/assets/expressions/concepts/jade_frog/jade_frog_state_talk_open_preview_3x.png,11825,1a93c78a7ffdf248bb903aff06df0070c2befcfec13f7a6ae0a6a244efc93dc5,png,pending-review,inspect owning Example/component,pending,hold-until-s8
CODE/examples/xiaozhi_companion_robot_demo/assets/expressions/concepts/jade_frog/jade_frog_state_think_preview_3x.png,11651,09b30b36f40f562d33899309e33e82232444c341fed2634c0660d8b8d4c09a29,png,pending-review,inspect owning Example/component,pending,hold-until-s8
CODE/examples/xiaozhi_companion_robot_demo/assets/expressions/concepts/jade_frog/jade_frog_state_touch_pout_compress_preview_3x.png,11483,d9a81bb73eb9d5e30c80949b05f75e79d6e1bac5bc14d6e1b101ce0aba171f27,png,pending-review,inspect owning Example/component,pending,hold-until-s8
CODE/examples/xiaozhi_companion_robot_demo/assets/expressions/concepts/jade_frog/jade_frog_state_touch_pout_expand_preview_3x.png,12055,796633be3a3affd6358706bfbb434ef14ee1d981aed03a379c2eaa26898dfa7a,png,pending-review,inspect owning Example/component,pending,hold-until-s8
CODE/examples/xiaozhi_companion_robot_demo/assets/expressions/concepts/jade_frog/jade_frog_state_turn_gaze_left_preview_3x.png,11501,9d7b15c2b42bf36a2a31ce1de18fbabf9853a4ebd80cd3f60adfdf1e2d4a5f67,png,pending-review,inspect owning Example/component,pending,hold-until-s8
CODE/examples/xiaozhi_companion_robot_demo/assets/expressions/concepts/jade_frog/jade_frog_state_turn_gaze_right_preview_3x.png,11501,05cbec8579ca73baeb8d21b9eb14cd759f7ad217835707d7ccaa27c6b44d9b68,png,pending-review,inspect owning Example/component,pending,hold-until-s8
CODE/examples/xiaozhi_companion_robot_demo/assets/expressions/concepts/jade_frog/jade_frog_states_overview_1x.png,28681,c7a80613b843ac6367bef99993303f6edd596d93e88d350d473ddc4619b008f4,png,pending-review,inspect owning Example/component,pending,hold-until-s8
CODE/examples/xiaozhi_companion_robot_demo/assets/expressions/concepts/magenta_octopus/magenta_octopus_idle_preview_3x.png,13454,2b51a489e886743d972b27c2b3cd705055a5f917c04bd3f069487d75d9da53e1,png,pending-review,inspect owning Example/component,pending,hold-until-s8
CODE/examples/xiaozhi_companion_robot_demo/assets/expressions/concepts/magenta_octopus/magenta_octopus_state_blink_preview_3x.png,12864,fd7c1685f1f88d7894121a145e77daccbab58ca5646d4f6dc9c24a41c444598b,png,pending-review,inspect owning Example/component,pending,hold-until-s8
CODE/examples/xiaozhi_companion_robot_demo/assets/expressions/concepts/magenta_octopus/magenta_octopus_state_idle_preview_3x.png,13303,8ef59f526ea53ad32d8c47dfc5462e87250343d4a58f3dc552eff63ce737ff0f,png,pending-review,inspect owning Example/component,pending,hold-until-s8
CODE/examples/xiaozhi_companion_robot_demo/assets/expressions/concepts/magenta_octopus/magenta_octopus_state_idle_sway_left_up_preview_3x.png,13320,cef656f88c853d7a6054615cda2d54208f5826e7fca73a3f076acc3eadac566b,png,pending-review,inspect owning Example/component,pending,hold-until-s8
CODE/examples/xiaozhi_companion_robot_demo/assets/expressions/concepts/magenta_octopus/magenta_octopus_state_idle_sway_right_up_preview_3x.png,13235,3c7643e3d20c4780963d6438a5eeaa2cca48553da81f7ab32efa4e8e2fbfde7a,png,pending-review,inspect owning Example/component,pending,hold-until-s8
CODE/examples/xiaozhi_companion_robot_demo/assets/expressions/concepts/magenta_octopus/magenta_octopus_state_listen_focus_preview_3x.png,13558,a4dd47038362703a79f5d48386b97913995457ee5972dad7be17c225e14f2644,png,pending-review,inspect owning Example/component,pending,hold-until-s8
CODE/examples/xiaozhi_companion_robot_demo/assets/expressions/concepts/magenta_octopus/magenta_octopus_state_talk_closed_preview_3x.png,13303,8ef59f526ea53ad32d8c47dfc5462e87250343d4a58f3dc552eff63ce737ff0f,png,pending-review,inspect owning Example/component,pending,hold-until-s8
CODE/examples/xiaozhi_companion_robot_demo/assets/expressions/concepts/magenta_octopus/magenta_octopus_state_talk_open_preview_3x.png,13850,38c632e1d7e8d437bb9e89d5e005fd681949c96abb6d692cabe3a9bcfbc73de0,png,pending-review,inspect owning Example/component,pending,hold-until-s8
CODE/examples/xiaozhi_companion_robot_demo/assets/expressions/concepts/magenta_octopus/magenta_octopus_state_think_preview_3x.png,13524,a54c5afc98697d73aa37ec395328401921945266a8d0f4135a14f5d3bbddc992,png,pending-review,inspect owning Example/component,pending,hold-until-s8
CODE/examples/xiaozhi_companion_robot_demo/assets/expressions/concepts/magenta_octopus/magenta_octopus_state_touch_pout_compress_preview_3x.png,13362,c2cdf39e823bd3db634cb821ed3bd65c87997a26475d499d0d95724bfe18384b,png,pending-review,inspect owning Example/component,pending,hold-until-s8
CODE/examples/xiaozhi_companion_robot_demo/assets/expressions/concepts/magenta_octopus/magenta_octopus_state_touch_pout_expand_preview_3x.png,14215,bd63d11c8f9986ca439d8faf4acc2da404633d65c43137e8f159732cc75c9177,png,pending-review,inspect owning Example/component,pending,hold-until-s8
CODE/examples/xiaozhi_companion_robot_demo/assets/expressions/concepts/magenta_octopus/magenta_octopus_state_turn_gaze_left_preview_3x.png,13446,ef74193ad04e0f5b3d97fd5e5c4a989b5b5655a69427997972b48238e31fec45,png,pending-review,inspect owning Example/component,pending,hold-until-s8
CODE/examples/xiaozhi_companion_robot_demo/assets/expressions/concepts/magenta_octopus/magenta_octopus_state_turn_gaze_right_preview_3x.png,13446,907d2a7f46a489367e6f2c1c08fee8b55fbfdab31cefcbd52162c2a72db920a5,png,pending-review,inspect owning Example/component,pending,hold-until-s8
CODE/examples/xiaozhi_companion_robot_demo/assets/expressions/concepts/magenta_octopus/magenta_octopus_states_overview_1x.png,30661,a5831344272da21640a4b0ce01a999a7ae5bc626d56fb8d24d121a7e305f28c3,png,pending-review,inspect owning Example/component,pending,hold-until-s8
CODE/examples/xiaozhi_companion_robot_demo/assets/expressions/concepts/silver_husky/silver_husky_idle_preview_3x.png,15534,540f7b57014b119973da87e90ace5e04a1dfa7a85fe2e54dba597468dd32c0b2,png,pending-review,inspect owning Example/component,pending,hold-until-s8
CODE/examples/xiaozhi_companion_robot_demo/assets/expressions/concepts/silver_husky/silver_husky_state_blink_preview_3x.png,14796,ef1819beaec8b1f5141498e6e70adca9f01509b69d2d47118ae2dd4034d5c110,png,pending-review,inspect owning Example/component,pending,hold-until-s8
CODE/examples/xiaozhi_companion_robot_demo/assets/expressions/concepts/silver_husky/silver_husky_state_idle_preview_3x.png,15379,97514e7e47f99e98861d5478d7b87f277d88ea6913910436b90695f9ef38c6af,png,pending-review,inspect owning Example/component,pending,hold-until-s8
CODE/examples/xiaozhi_companion_robot_demo/assets/expressions/concepts/silver_husky/silver_husky_state_idle_sway_left_up_preview_3x.png,15348,bae0d5114289178ff899f4adff28e47e16e515a01c48fac125dfc0980a3af1e1,png,pending-review,inspect owning Example/component,pending,hold-until-s8
CODE/examples/xiaozhi_companion_robot_demo/assets/expressions/concepts/silver_husky/silver_husky_state_idle_sway_right_up_preview_3x.png,15283,18d002139d9d3e74bf11ef02699081feb966c79ab423c5a6d7172c83e4d7511a,png,pending-review,inspect owning Example/component,pending,hold-until-s8
CODE/examples/xiaozhi_companion_robot_demo/assets/expressions/concepts/silver_husky/silver_husky_state_listen_focus_preview_3x.png,15520,d9d09f257d283f8f79b4cef2008957c0bf62c487e9e0966ee77028bc2bdca33b,png,pending-review,inspect owning Example/component,pending,hold-until-s8
CODE/examples/xiaozhi_companion_robot_demo/assets/expressions/concepts/silver_husky/silver_husky_state_talk_closed_preview_3x.png,15379,97514e7e47f99e98861d5478d7b87f277d88ea6913910436b90695f9ef38c6af,png,pending-review,inspect owning Example/component,pending,hold-until-s8
CODE/examples/xiaozhi_companion_robot_demo/assets/expressions/concepts/silver_husky/silver_husky_state_talk_open_preview_3x.png,15766,72d76220fd6c25b74fdebf953666da8f0c5ee9f4313bb3cf7b5206fcf62a0378,png,pending-review,inspect owning Example/component,pending,hold-until-s8
CODE/examples/xiaozhi_companion_robot_demo/assets/expressions/concepts/silver_husky/silver_husky_state_think_preview_3x.png,15237,7850508431b2706d6aec07f21307487818bf7cb5f702795723e3b88e36a7bfb6,png,pending-review,inspect owning Example/component,pending,hold-until-s8
CODE/examples/xiaozhi_companion_robot_demo/assets/expressions/concepts/silver_husky/silver_husky_state_touch_pout_compress_preview_3x.png,14909,76920f2423d23f72b96523730cc47095c4a71bd9818b23c7f4f5e8b3a99f83bc,png,pending-review,inspect owning Example/component,pending,hold-until-s8
CODE/examples/xiaozhi_companion_robot_demo/assets/expressions/concepts/silver_husky/silver_husky_state_touch_pout_expand_preview_3x.png,15552,8b2578000fa7a483303bb98d83c047214c8f223b33c87a4c7670060fc8ca9adf,png,pending-review,inspect owning Example/component,pending,hold-until-s8
CODE/examples/xiaozhi_companion_robot_demo/assets/expressions/concepts/silver_husky/silver_husky_state_turn_gaze_left_preview_3x.png,15238,1b790384d6d2a906986a92c1ba311262bf16efe246357fe085daf29280a1d9fd,png,pending-review,inspect owning Example/component,pending,hold-until-s8
CODE/examples/xiaozhi_companion_robot_demo/assets/expressions/concepts/silver_husky/silver_husky_state_turn_gaze_right_preview_3x.png,15238,af447bf7d9fbf422ea7c13b622d2431e0356d2222a4f6043ad57bac8369a9374,png,pending-review,inspect owning Example/component,pending,hold-until-s8
CODE/examples/xiaozhi_companion_robot_demo/assets/expressions/concepts/silver_husky/silver_husky_states_overview_1x.png,40442,891aa76019e6e7e423a27d848c318c62e63f061b8cc245f5580038d9598f7ac1,png,pending-review,inspect owning Example/component,pending,hold-until-s8
CODE/examples/xiaozhi_companion_robot_demo/assets/expressions/concepts/theme_baselines_overview_2x.png,53302,4ee17029c9be04be786bdb9d2675724fafdabd3472c188363b3cde277048bf07,png,pending-review,inspect owning Example/component,pending,hold-until-s8
CODE/examples/xiaozhi_companion_robot_demo/assets/expressions/packs/amber_duck/amber_duck_blink_80x60.png,515,490b123c951ceaf7a30a9e55ebb88945df407c705f69b25913d485c01ff61900,png,pending-review,inspect owning Example/component,pending,hold-until-s8
CODE/examples/xiaozhi_companion_robot_demo/assets/expressions/packs/amber_duck/amber_duck_idle_80x60.png,549,39e0e1480bd26d7604072883c0890033497def4f0744f724425ff53d6527e1d3,png,pending-review,inspect owning Example/component,pending,hold-until-s8
CODE/examples/xiaozhi_companion_robot_demo/assets/expressions/packs/amber_duck/amber_duck_idle_sway_left_up_80x60.png,549,d999f02658cf0e15cb9dc22ae819c9da7667c1879f7f748d97285afc833e34fc,png,pending-review,inspect owning Example/component,pending,hold-until-s8
CODE/examples/xiaozhi_companion_robot_demo/assets/expressions/packs/amber_duck/amber_duck_idle_sway_right_up_80x60.png,549,c4f07dc1f7ffbfdf21504ebddf7073cb9ebd12e202dc445e44736e394fc3a7eb,png,pending-review,inspect owning Example/component,pending,hold-until-s8
CODE/examples/xiaozhi_companion_robot_demo/assets/expressions/packs/amber_duck/amber_duck_listen_focus_80x60.png,546,1d0fa4ea7616c1d59a31afb9d261433940a3691156eec357472b613fee64b631,png,pending-review,inspect owning Example/component,pending,hold-until-s8
CODE/examples/xiaozhi_companion_robot_demo/assets/expressions/packs/amber_duck/amber_duck_talk_closed_80x60.png,549,39e0e1480bd26d7604072883c0890033497def4f0744f724425ff53d6527e1d3,png,pending-review,inspect owning Example/component,pending,hold-until-s8
CODE/examples/xiaozhi_companion_robot_demo/assets/expressions/packs/amber_duck/amber_duck_talk_open_80x60.png,547,8eed29991aab5ff89d39cb1ff6a089f4bec1d72798cf124a71cf74b2b558a195,png,pending-review,inspect owning Example/component,pending,hold-until-s8
CODE/examples/xiaozhi_companion_robot_demo/assets/expressions/packs/amber_duck/amber_duck_think_80x60.png,543,327564f4d5e7a3c182fa6be3d9fd93ac673da7a6992d55d350b3733eb3e2b80c,png,pending-review,inspect owning Example/component,pending,hold-until-s8
CODE/examples/xiaozhi_companion_robot_demo/assets/expressions/packs/amber_duck/amber_duck_touch_pout_compress_80x60.png,527,771bc9f3670b70936562e73484173c968b33646f44effb5521b4be50c4cf05a0,png,pending-review,inspect owning Example/component,pending,hold-until-s8
CODE/examples/xiaozhi_companion_robot_demo/assets/expressions/packs/amber_duck/amber_duck_touch_pout_expand_80x60.png,567,88870cf7a827fa37227001cc23893fcb176fe50b5c0f05c5f911e4d9077af1cd,png,pending-review,inspect owning Example/component,pending,hold-until-s8
CODE/examples/xiaozhi_companion_robot_demo/assets/expressions/packs/amber_duck/amber_duck_turn_gaze_left_80x60.png,548,0b4d6094b42acc2b7afc1c45b8802ac5dfb899165c26b9d567cc2256a998292a,png,pending-review,inspect owning Example/component,pending,hold-until-s8
CODE/examples/xiaozhi_companion_robot_demo/assets/expressions/packs/amber_duck/amber_duck_turn_gaze_right_80x60.png,547,f0d041d9e23a001ad8b41cbf0de7e11cc8781f8bf7b7b29c0a02338bfafe14b9,png,pending-review,inspect owning Example/component,pending,hold-until-s8
CODE/examples/xiaozhi_companion_robot_demo/assets/expressions/packs/bone_skull/bone_skull_blink_80x60.png,434,72a7b54ce4cd4a6eda08440648b7167421552018da49edb53829058ff2981e54,png,pending-review,inspect owning Example/component,pending,hold-until-s8
CODE/examples/xiaozhi_companion_robot_demo/assets/expressions/packs/bone_skull/bone_skull_idle_80x60.png,444,385fc0c3326c9acc4973de6f66ce9ef36184d110a0928907ca535c7f32726173,png,pending-review,inspect owning Example/component,pending,hold-until-s8
CODE/examples/xiaozhi_companion_robot_demo/assets/expressions/packs/bone_skull/bone_skull_idle_sway_left_up_80x60.png,444,c59d7293cc20e62a3b1fb50cad5717df4f29a1a48babb10e0eb073c73c7fd3d1,png,pending-review,inspect owning Example/component,pending,hold-until-s8
CODE/examples/xiaozhi_companion_robot_demo/assets/expressions/packs/bone_skull/bone_skull_idle_sway_right_up_80x60.png,443,4e2f3013636d2d765d7fdefa6bc7d17477447d4aa3b30f7c0a8d447fc60c1ec6,png,pending-review,inspect owning Example/component,pending,hold-until-s8
CODE/examples/xiaozhi_companion_robot_demo/assets/expressions/packs/bone_skull/bone_skull_listen_focus_80x60.png,474,869c38bd85fa2a330fb23e55eb3ca30d7444aa0bceff94a15bce743f759c1741,png,pending-review,inspect owning Example/component,pending,hold-until-s8
CODE/examples/xiaozhi_companion_robot_demo/assets/expressions/packs/bone_skull/bone_skull_talk_closed_80x60.png,434,cad093631dfbef7c24c542ffde84dee7b3c020fc096fb5a8543ae7d304a96b01,png,pending-review,inspect owning Example/component,pending,hold-until-s8
CODE/examples/xiaozhi_companion_robot_demo/assets/expressions/packs/bone_skull/bone_skull_talk_open_80x60.png,442,086b068a8eabf72b2460e19ad2f698ac912ed9150c53422db4a5721bf3aca2cb,png,pending-review,inspect owning Example/component,pending,hold-until-s8
CODE/examples/xiaozhi_companion_robot_demo/assets/expressions/packs/bone_skull/bone_skull_think_80x60.png,471,f97f0634fbe8bea4b499691af4ed9acf0ce7743edfc038edc50e0142984eef95,png,pending-review,inspect owning Example/component,pending,hold-until-s8
CODE/examples/xiaozhi_companion_robot_demo/assets/expressions/packs/bone_skull/bone_skull_touch_pout_compress_80x60.png,458,3e0a268acfd08667a9e010833750e7a7327168126bc9263feaca30a7c6285720,png,pending-review,inspect owning Example/component,pending,hold-until-s8
CODE/examples/xiaozhi_companion_robot_demo/assets/expressions/packs/bone_skull/bone_skull_touch_pout_expand_80x60.png,476,d8c9b4c29798cd71aaa75ba4c710b5cc7119483d928f33d3e7002c6d1d2211eb,png,pending-review,inspect owning Example/component,pending,hold-until-s8
CODE/examples/xiaozhi_companion_robot_demo/assets/expressions/packs/bone_skull/bone_skull_turn_gaze_left_80x60.png,467,76d90fdb88de5d9e99b653a2e1951f8c92392b9404e5543fac09e6c4ca5678f9,png,pending-review,inspect owning Example/component,pending,hold-until-s8
CODE/examples/xiaozhi_companion_robot_demo/assets/expressions/packs/bone_skull/bone_skull_turn_gaze_right_80x60.png,468,0374e36e65d35172b2843106f705847c099c1263fbcfffb59541b91888365165,png,pending-review,inspect owning Example/component,pending,hold-until-s8
CODE/examples/xiaozhi_companion_robot_demo/assets/expressions/packs/cobalt_owl/cobalt_owl_blink_80x60.png,494,85181e625f610462ef208cab31f5eb89478b65081955ec5ef5010d0a0aa94f03,png,pending-review,inspect owning Example/component,pending,hold-until-s8
CODE/examples/xiaozhi_companion_robot_demo/assets/expressions/packs/cobalt_owl/cobalt_owl_idle_80x60.png,509,28490e23659cffe8c32b153d54fb45ee32cc3832c899f5efdb22c37840ab5e68,png,pending-review,inspect owning Example/component,pending,hold-until-s8
CODE/examples/xiaozhi_companion_robot_demo/assets/expressions/packs/cobalt_owl/cobalt_owl_idle_sway_left_up_80x60.png,512,58033bb369e237d29df156f97c606991c8c1142cda63c3d322f9d2ded76e9075,png,pending-review,inspect owning Example/component,pending,hold-until-s8
CODE/examples/xiaozhi_companion_robot_demo/assets/expressions/packs/cobalt_owl/cobalt_owl_idle_sway_right_up_80x60.png,511,b2ba83288819f66e7768442fbce295a7244c207f2b660832a28c3a307c58375c,png,pending-review,inspect owning Example/component,pending,hold-until-s8
CODE/examples/xiaozhi_companion_robot_demo/assets/expressions/packs/cobalt_owl/cobalt_owl_listen_focus_80x60.png,515,4d12f7c12190c556ad934d62952f7da94d37cca00ada3b6ec0ec8d8483030558,png,pending-review,inspect owning Example/component,pending,hold-until-s8
CODE/examples/xiaozhi_companion_robot_demo/assets/expressions/packs/cobalt_owl/cobalt_owl_talk_closed_80x60.png,509,28490e23659cffe8c32b153d54fb45ee32cc3832c899f5efdb22c37840ab5e68,png,pending-review,inspect owning Example/component,pending,hold-until-s8
CODE/examples/xiaozhi_companion_robot_demo/assets/expressions/packs/cobalt_owl/cobalt_owl_talk_open_80x60.png,548,bb3cbb935eedc4e6f39c47963265c21c67bbd772dc15525f07529c559d1f2b82,png,pending-review,inspect owning Example/component,pending,hold-until-s8
CODE/examples/xiaozhi_companion_robot_demo/assets/expressions/packs/cobalt_owl/cobalt_owl_think_80x60.png,527,1b1c6cd413987d6c0483851fd08fce253e81dad2a0b706c04511573b0d6330d5,png,pending-review,inspect owning Example/component,pending,hold-until-s8
CODE/examples/xiaozhi_companion_robot_demo/assets/expressions/packs/cobalt_owl/cobalt_owl_touch_pout_compress_80x60.png,504,bc0bedcd85162c7c276ad5c3732682f5de82333bbad3256e6243e9b8a202fff3,png,pending-review,inspect owning Example/component,pending,hold-until-s8
CODE/examples/xiaozhi_companion_robot_demo/assets/expressions/packs/cobalt_owl/cobalt_owl_touch_pout_expand_80x60.png,558,040639cec6c6b1e9484104c16194ae1c7291bc98344a5d87e92deaebe5f37fe1,png,pending-review,inspect owning Example/component,pending,hold-until-s8
CODE/examples/xiaozhi_companion_robot_demo/assets/expressions/packs/cobalt_owl/cobalt_owl_turn_gaze_left_80x60.png,521,7d58fef0137af68b28aaa0c57dfa6b2b2faf500885d42238de0248f599ac35a4,png,pending-review,inspect owning Example/component,pending,hold-until-s8
CODE/examples/xiaozhi_companion_robot_demo/assets/expressions/packs/cobalt_owl/cobalt_owl_turn_gaze_right_80x60.png,516,083c02225922339352b5f12e8f400371bbdfb77682e3c1bc487130c0c407a6a5,png,pending-review,inspect owning Example/component,pending,hold-until-s8
CODE/examples/xiaozhi_companion_robot_demo/assets/expressions/packs/crimson_slime/crimson_slime_blink_80x60.png,403,4352b6800f138ccbe060c887b3f390da0233048700a4f31d4ba6e4cf47d275f5,png,pending-review,inspect owning Example/component,pending,hold-until-s8
CODE/examples/xiaozhi_companion_robot_demo/assets/expressions/packs/crimson_slime/crimson_slime_idle_80x60.png,419,591360f93b5ca1ee9788ba9156443819b5f717ea847a9c557ed6cfd4b0a3242e,png,pending-review,inspect owning Example/component,pending,hold-until-s8
CODE/examples/xiaozhi_companion_robot_demo/assets/expressions/packs/crimson_slime/crimson_slime_idle_sway_left_up_80x60.png,418,ee07806d3c4d4b66b071957f72ea429f29fcacb886c1ffa43c09d275374aeb7e,png,pending-review,inspect owning Example/component,pending,hold-until-s8
CODE/examples/xiaozhi_companion_robot_demo/assets/expressions/packs/crimson_slime/crimson_slime_idle_sway_right_up_80x60.png,418,d57ccd5f785fbcfe89d37f407d242f7f2023037ec53e148497958323339f4db3,png,pending-review,inspect owning Example/component,pending,hold-until-s8
CODE/examples/xiaozhi_companion_robot_demo/assets/expressions/packs/crimson_slime/crimson_slime_listen_focus_80x60.png,438,57ac9d13d52818ce3cf063ccff99ea2bf53e04bcc9653fbe1f4ee64ef67260e9,png,pending-review,inspect owning Example/component,pending,hold-until-s8
CODE/examples/xiaozhi_companion_robot_demo/assets/expressions/packs/crimson_slime/crimson_slime_talk_closed_80x60.png,419,591360f93b5ca1ee9788ba9156443819b5f717ea847a9c557ed6cfd4b0a3242e,png,pending-review,inspect owning Example/component,pending,hold-until-s8
CODE/examples/xiaozhi_companion_robot_demo/assets/expressions/packs/crimson_slime/crimson_slime_talk_open_80x60.png,445,f380b03b9725ca2ab2d9669ebdc9b179e856909d21faf40451f9b892552ae653,png,pending-review,inspect owning Example/component,pending,hold-until-s8
CODE/examples/xiaozhi_companion_robot_demo/assets/expressions/packs/crimson_slime/crimson_slime_think_80x60.png,449,7a74ed08bffd2431730a4ba314a35d462826de0864891d04fa190230890f848e,png,pending-review,inspect owning Example/component,pending,hold-until-s8
CODE/examples/xiaozhi_companion_robot_demo/assets/expressions/packs/crimson_slime/crimson_slime_touch_pout_compress_80x60.png,460,7392cddbe7bf22684ed5d448dde78897038ed5a1943c93f45aa4aefa4db68ae1,png,pending-review,inspect owning Example/component,pending,hold-until-s8
CODE/examples/xiaozhi_companion_robot_demo/assets/expressions/packs/crimson_slime/crimson_slime_touch_pout_expand_80x60.png,486,6c4d513a25d51d98c4b353c2bce7979e75d5e76925d8d2d001696f616c373594,png,pending-review,inspect owning Example/component,pending,hold-until-s8
CODE/examples/xiaozhi_companion_robot_demo/assets/expressions/packs/crimson_slime/crimson_slime_turn_gaze_left_80x60.png,432,47eff63edbf9a4da14dab003e2caacc7da282ee6ea204f0882ef181259ccc00e,png,pending-review,inspect owning Example/component,pending,hold-until-s8
CODE/examples/xiaozhi_companion_robot_demo/assets/expressions/packs/crimson_slime/crimson_slime_turn_gaze_right_80x60.png,437,4fd7fbac2cac692875c64bd9ecd4be589fa02e3e5597a1519c99becca22c0de9,png,pending-review,inspect owning Example/component,pending,hold-until-s8
CODE/examples/xiaozhi_companion_robot_demo/assets/expressions/packs/icebox/icebox_blink_80x60.png,450,ee32336383b56b45c90be2da36973f216b27985d267df3def56574bfde4f7cd1,png,pending-review,inspect owning Example/component,pending,hold-until-s8
CODE/examples/xiaozhi_companion_robot_demo/assets/expressions/packs/icebox/icebox_idle_80x60.png,456,45515e667756afc435009f9dc0c3fc3a8cc678ae0fef79895fe67f26d73d5ba6,png,pending-review,inspect owning Example/component,pending,hold-until-s8
CODE/examples/xiaozhi_companion_robot_demo/assets/expressions/packs/icebox/icebox_idle_sway_left_up_80x60.png,456,4b2f1c83473c7e4c95004c802cce768841b02c24ca431e8c462115715f62528b,png,pending-review,inspect owning Example/component,pending,hold-until-s8
CODE/examples/xiaozhi_companion_robot_demo/assets/expressions/packs/icebox/icebox_idle_sway_right_up_80x60.png,455,dc2af8fd9e127691187c0a7f24181e09785d0fdb666a702a36389e1bba005027,png,pending-review,inspect owning Example/component,pending,hold-until-s8
CODE/examples/xiaozhi_companion_robot_demo/assets/expressions/packs/icebox/icebox_listen_focus_80x60.png,475,c03f1354c9581aeb72dbd478ba4eea48caec2051d303829559adc25b883a4e8f,png,pending-review,inspect owning Example/component,pending,hold-until-s8
CODE/examples/xiaozhi_companion_robot_demo/assets/expressions/packs/icebox/icebox_talk_closed_80x60.png,456,45515e667756afc435009f9dc0c3fc3a8cc678ae0fef79895fe67f26d73d5ba6,png,pending-review,inspect owning Example/component,pending,hold-until-s8
CODE/examples/xiaozhi_companion_robot_demo/assets/expressions/packs/icebox/icebox_talk_open_80x60.png,488,cd268d77f908233f3ffd1505ec9133eaa377c56c92b611c994b0050a91ee4a1a,png,pending-review,inspect owning Example/component,pending,hold-until-s8
CODE/examples/xiaozhi_companion_robot_demo/assets/expressions/packs/icebox/icebox_think_80x60.png,476,9fc1bb5c87757409e49f88e6132b8908c01f7295af225867c493411a342e3aa6,png,pending-review,inspect owning Example/component,pending,hold-until-s8
CODE/examples/xiaozhi_companion_robot_demo/assets/expressions/packs/icebox/icebox_touch_pout_compress_80x60.png,451,cd391cb35310e14aeeafd0e0766b281880c12e19915487b0467ee9d953f1d6e9,png,pending-review,inspect owning Example/component,pending,hold-until-s8
CODE/examples/xiaozhi_companion_robot_demo/assets/expressions/packs/icebox/icebox_touch_pout_expand_80x60.png,506,397ebb63787854e0b771d757594bbe9a3fc15e5fa37e0b326d50859ced8b40df,png,pending-review,inspect owning Example/component,pending,hold-until-s8
CODE/examples/xiaozhi_companion_robot_demo/assets/expressions/packs/icebox/icebox_turn_gaze_left_80x60.png,466,3bca6455babdb4f3874158354878f698b59398b6780d8d7fcd5769a5a7be1ff6,png,pending-review,inspect owning Example/component,pending,hold-until-s8
CODE/examples/xiaozhi_companion_robot_demo/assets/expressions/packs/icebox/icebox_turn_gaze_right_80x60.png,472,44f17a10f99adc15fbda30a2b23f32b6e15d38e864a7ff256da20dfec22e41df,png,pending-review,inspect owning Example/component,pending,hold-until-s8
CODE/examples/xiaozhi_companion_robot_demo/assets/expressions/packs/jade_frog/jade_frog_blink_80x60.png,435,5ff180f88d50cd200fc7ef9d6f2aba8d448ed9d72a41777f9bc573fbce54dd6a,png,pending-review,inspect owning Example/component,pending,hold-until-s8
CODE/examples/xiaozhi_companion_robot_demo/assets/expressions/packs/jade_frog/jade_frog_idle_80x60.png,442,ff40a9632b7a3782fc4f54be5d0c8a00629d70dc18b531c8337d3777425d709d,png,pending-review,inspect owning Example/component,pending,hold-until-s8
CODE/examples/xiaozhi_companion_robot_demo/assets/expressions/packs/jade_frog/jade_frog_idle_sway_left_up_80x60.png,442,62bca187b0e2a088773654c24fadf7bc599bc8f548a3ec1d7e3ed62c191242ed,png,pending-review,inspect owning Example/component,pending,hold-until-s8
CODE/examples/xiaozhi_companion_robot_demo/assets/expressions/packs/jade_frog/jade_frog_idle_sway_right_up_80x60.png,443,11846cba3e74ff310def8c83cb31bb0acf1da1635edd30a953c74feb71c07a23,png,pending-review,inspect owning Example/component,pending,hold-until-s8
CODE/examples/xiaozhi_companion_robot_demo/assets/expressions/packs/jade_frog/jade_frog_listen_focus_80x60.png,473,6b39293699affa6edf22c4802fca12a08ddfb02dc5a142968ac09207be3d4147,png,pending-review,inspect owning Example/component,pending,hold-until-s8
CODE/examples/xiaozhi_companion_robot_demo/assets/expressions/packs/jade_frog/jade_frog_talk_closed_80x60.png,442,ff40a9632b7a3782fc4f54be5d0c8a00629d70dc18b531c8337d3777425d709d,png,pending-review,inspect owning Example/component,pending,hold-until-s8
CODE/examples/xiaozhi_companion_robot_demo/assets/expressions/packs/jade_frog/jade_frog_talk_open_80x60.png,477,c9388700f615f44901a887ec7803fedc481415216e7cabb9e612f7f05a25b99f,png,pending-review,inspect owning Example/component,pending,hold-until-s8
CODE/examples/xiaozhi_companion_robot_demo/assets/expressions/packs/jade_frog/jade_frog_think_80x60.png,471,0a6bae43d708d80977c4837594729adbcf188bdd042ad726a042ef7c0f419fc3,png,pending-review,inspect owning Example/component,pending,hold-until-s8
CODE/examples/xiaozhi_companion_robot_demo/assets/expressions/packs/jade_frog/jade_frog_touch_pout_compress_80x60.png,473,9be63e4bceeb0475ad9fa0b52fea4ea9ce98caa99a3f42d325c4b7ae75982cb7,png,pending-review,inspect owning Example/component,pending,hold-until-s8
CODE/examples/xiaozhi_companion_robot_demo/assets/expressions/packs/jade_frog/jade_frog_touch_pout_expand_80x60.png,491,5180e6c18d0bcc5ca20deb840af5cdafe5350bbeffb29bf9a995102fa19c5f5b,png,pending-review,inspect owning Example/component,pending,hold-until-s8
CODE/examples/xiaozhi_companion_robot_demo/assets/expressions/packs/jade_frog/jade_frog_turn_gaze_left_80x60.png,456,4acd7567e6975a39c40760f4480819901c58328cdd595703d47b11f06439a04a,png,pending-review,inspect owning Example/component,pending,hold-until-s8
CODE/examples/xiaozhi_companion_robot_demo/assets/expressions/packs/jade_frog/jade_frog_turn_gaze_right_80x60.png,457,1141934f92178e0deddc4255df7f70341a07e9bed187a1368c8e341b653a2a90,png,pending-review,inspect owning Example/component,pending,hold-until-s8
CODE/examples/xiaozhi_companion_robot_demo/assets/expressions/packs/magenta_octopus/magenta_octopus_blink_80x60.png,483,5c60d378af5be831f79a18910b43aaa525ae1b95e73e88499e1e4452dd3fd313,png,pending-review,inspect owning Example/component,pending,hold-until-s8
CODE/examples/xiaozhi_companion_robot_demo/assets/expressions/packs/magenta_octopus/magenta_octopus_idle_80x60.png,485,5fb28ee19fdf916d0550d48f99bf3cd1e3a60366e050aa6c6e6cf808e26f5589,png,pending-review,inspect owning Example/component,pending,hold-until-s8
CODE/examples/xiaozhi_companion_robot_demo/assets/expressions/packs/magenta_octopus/magenta_octopus_idle_sway_left_up_80x60.png,484,90268aa33c7095d342c01329d4109dff3ec141260d2bcde8d3de0c560e13f45e,png,pending-review,inspect owning Example/component,pending,hold-until-s8
CODE/examples/xiaozhi_companion_robot_demo/assets/expressions/packs/magenta_octopus/magenta_octopus_idle_sway_right_up_80x60.png,484,93d3aa985343b9b998a5fe3b1eb487d8a13927d95f8f23f8d1dee93f7703665c,png,pending-review,inspect owning Example/component,pending,hold-until-s8
CODE/examples/xiaozhi_companion_robot_demo/assets/expressions/packs/magenta_octopus/magenta_octopus_listen_focus_80x60.png,505,eddf63f44ed9c38ee339d7dd4b56ea7dae85eb2dcac8902b5c3e8568e3281c68,png,pending-review,inspect owning Example/component,pending,hold-until-s8
CODE/examples/xiaozhi_companion_robot_demo/assets/expressions/packs/magenta_octopus/magenta_octopus_talk_closed_80x60.png,485,5fb28ee19fdf916d0550d48f99bf3cd1e3a60366e050aa6c6e6cf808e26f5589,png,pending-review,inspect owning Example/component,pending,hold-until-s8
CODE/examples/xiaozhi_companion_robot_demo/assets/expressions/packs/magenta_octopus/magenta_octopus_talk_open_80x60.png,514,37debd9a310314f815e774ff1994269ac8e332e2c4179137a4c395e9af814647,png,pending-review,inspect owning Example/component,pending,hold-until-s8
CODE/examples/xiaozhi_companion_robot_demo/assets/expressions/packs/magenta_octopus/magenta_octopus_think_80x60.png,510,0f738433a6c0db477f6984cb1fb44e0dec3fa345c4e8996e72f905d6c1ac9667,png,pending-review,inspect owning Example/component,pending,hold-until-s8
CODE/examples/xiaozhi_companion_robot_demo/assets/expressions/packs/magenta_octopus/magenta_octopus_touch_pout_compress_80x60.png,505,6b5e2d790435909bd6fcb59a7685204bab1ed141ef7e5e6cf2aad2abdb080685,png,pending-review,inspect owning Example/component,pending,hold-until-s8
CODE/examples/xiaozhi_companion_robot_demo/assets/expressions/packs/magenta_octopus/magenta_octopus_touch_pout_expand_80x60.png,561,d5b9b7341dd1eb6fe5f3470159bc24635e8fe6a1fa49e1f39f30ac7856b68546,png,pending-review,inspect owning Example/component,pending,hold-until-s8
CODE/examples/xiaozhi_companion_robot_demo/assets/expressions/packs/magenta_octopus/magenta_octopus_turn_gaze_left_80x60.png,500,81704c203b500e4832dbd69f5b087c390dd1f17f875e3a9d0be739e386f2461e,png,pending-review,inspect owning Example/component,pending,hold-until-s8
CODE/examples/xiaozhi_companion_robot_demo/assets/expressions/packs/magenta_octopus/magenta_octopus_turn_gaze_right_80x60.png,503,0faa30e5bcedcfdf5fc93d3d1da07e93f43674ebd6659abae811432680b1165d,png,pending-review,inspect owning Example/component,pending,hold-until-s8
CODE/examples/xiaozhi_companion_robot_demo/assets/expressions/packs/silver_husky/silver_husky_blink_80x60.png,561,6e9e1fbcf0a2b4b608eade68c4331950a3aa7ad6592e209c7fa15deafbc187f4,png,pending-review,inspect owning Example/component,pending,hold-until-s8
CODE/examples/xiaozhi_companion_robot_demo/assets/expressions/packs/silver_husky/silver_husky_idle_80x60.png,565,a4534a38d6b69e763b72114a1ebe07bd10883d496ea6063b7296fd140d26cdf2,png,pending-review,inspect owning Example/component,pending,hold-until-s8
CODE/examples/xiaozhi_companion_robot_demo/assets/expressions/packs/silver_husky/silver_husky_idle_sway_left_up_80x60.png,565,829e88bd4b687e5c95dbafdf67955fb75f7cdd440f957d4c7d77b011e5e6e288,png,pending-review,inspect owning Example/component,pending,hold-until-s8
CODE/examples/xiaozhi_companion_robot_demo/assets/expressions/packs/silver_husky/silver_husky_idle_sway_right_up_80x60.png,563,a7669f1aabb59a0301b85328bb575ed7ae3f9c2cfb0ac06936cf7f3d44e24c1b,png,pending-review,inspect owning Example/component,pending,hold-until-s8
CODE/examples/xiaozhi_companion_robot_demo/assets/expressions/packs/silver_husky/silver_husky_listen_focus_80x60.png,574,5c3bfc3f6c29a1c033767da8ad3ab768d65e17c31a500fa615e88dce91fce5a9,png,pending-review,inspect owning Example/component,pending,hold-until-s8
CODE/examples/xiaozhi_companion_robot_demo/assets/expressions/packs/silver_husky/silver_husky_talk_closed_80x60.png,565,a4534a38d6b69e763b72114a1ebe07bd10883d496ea6063b7296fd140d26cdf2,png,pending-review,inspect owning Example/component,pending,hold-until-s8
CODE/examples/xiaozhi_companion_robot_demo/assets/expressions/packs/silver_husky/silver_husky_talk_open_80x60.png,583,1630d835c33dbc29978e82a564521ff6d93117a8bd1bfd62a85ebfeae0644f3d,png,pending-review,inspect owning Example/component,pending,hold-until-s8
CODE/examples/xiaozhi_companion_robot_demo/assets/expressions/packs/silver_husky/silver_husky_think_80x60.png,569,06abbda4d1ecc31305da74df91bf301ef5f5c613a14b49f5fb127a0e8cf5511d,png,pending-review,inspect owning Example/component,pending,hold-until-s8
CODE/examples/xiaozhi_companion_robot_demo/assets/expressions/packs/silver_husky/silver_husky_touch_pout_compress_80x60.png,569,c6d6beb9985822c81ed6757a9c6b10387cc97f4cee8b11a818daa65032fd47a5,png,pending-review,inspect owning Example/component,pending,hold-until-s8
CODE/examples/xiaozhi_companion_robot_demo/assets/expressions/packs/silver_husky/silver_husky_touch_pout_expand_80x60.png,612,377e75bb72f195d35fb08356baec55966a712ebe8214ac850c3525a2248553e0,png,pending-review,inspect owning Example/component,pending,hold-until-s8
CODE/examples/xiaozhi_companion_robot_demo/assets/expressions/packs/silver_husky/silver_husky_turn_gaze_left_80x60.png,564,e6b35cdd78a635fd64d8acf8b059368974dcbd1d6291cf1ac8ae7665133989e9,png,pending-review,inspect owning Example/component,pending,hold-until-s8
CODE/examples/xiaozhi_companion_robot_demo/assets/expressions/packs/silver_husky/silver_husky_turn_gaze_right_80x60.png,568,ce043d0338d7ae63cb5dec2795ec6995f1891a6e2e9b9d7836f6abd1e369ef7d,png,pending-review,inspect owning Example/component,pending,hold-until-s8
CODE/examples/xiaozhi_companion_robot_demo/spiffs/dingding.wav,12024,7afdf0d1b0457d70996d744b82de7b1e08fa1967dae4e65b512d66237d980706,wav,pending-review,inspect owning Example/component,pending,hold-until-s8
